{"iter": 0, "train/loss": 4.090679168701172, "val/loss": 4.1056742668151855, "lr": 3e-05, "mfu": -100.0, "_timestamp": 1685579083.560033, "_runtime": 12.297367095947266, "_step": 0, "_wandb": {"runtime": 155}}