{"iter": 2750, "train/loss": 1.1473779678344727, "val/loss": 1.1887764930725098, "lr": 3e-05, "mfu": 0.8444159783972196, "_timestamp": 1685665976.046137, "_runtime": 86058.83760118484, "_step": 275, "_wandb": {"runtime": 86348}}