{"iter": 0, "train/loss": 4.077950954437256, "val/loss": 4.0693278312683105, "lr": 3e-05, "mfu": -100.0, "_timestamp": 1685579349.0694242, "_runtime": 21.89317512512207, "_step": 0, "_wandb": {"runtime": 167}}