{"iter": 40, "train/loss": 2.492241144180298, "val/loss": 2.50349760055542, "lr": 3e-05, "mfu": 0.6032628538949449, "_timestamp": 1685537596.517985, "_runtime": 552.2800271511078, "_step": 4, "_wandb": {"runtime": 576}}