{"iter": 10, "train/loss": 2.528642177581787, "val/loss": 2.538510322570801, "lr": 3e-05, "mfu": 0.7360309156811706, "_timestamp": 1685579726.044396, "_runtime": 194.4479808807373, "_step": 1, "_wandb": {"runtime": 342}}