{"iter": 3020, "train/loss": 1.2025489807128906, "val/loss": 1.2572587728500366, "lr": 3e-05, "mfu": 0.6056868640871599, "_timestamp": 1685578770.115658, "_runtime": 41123.10427212715, "_step": 302, "_wandb": {"runtime": 41178}}